method,d_kl
standard,0.013675913281546128
steam,0.02766571709716363
standard,0.0013992148831718583
steam,0.008934563688134558
standard,0.009688315519456748
steam,0.011856823946192207
standard,0.11953149093691953
steam,0.01374102735350062
standard,0.0045397791454845245
steam,0.011111244663457209
