method,f,c,d,u_pehe
ablation,0.8138331102186525,0.41749219098616686,0.8912469410313295,2.8974990248680115
steam,0.9211958946898706,0.43319946452476565,0.8786999489485599,2.0858705043792725
