method,f,c,d,u_pehe
ablation,0.7102457309454394,0.5101346661113425,0.9149988685816537,2.770040273666382
