method,f,c,d,u_pehe
ablation,0.7102457309454394,0.5101346661113425,0.9149988685816537,2.770040273666382
ablation,0.7536998472858532,0.49759822296265455,0.9317697340326582,2.082685202360153
