method,f,c,d,u_pehe,u_policy,u_int
standard,0.8960858585858587,0.4589015151515152,0.8837434971984032,0.5406324937939644,0.5971563981042654,-0.15423446289314
seq_new,0.9418582375478928,0.4726641414141415,0.8811800591308411,0.4322477802634239,0.7535545023696683,0.0019064251821414649
