method,d_kl
standard,0.04558466258505115
steam,0.029189975594505802
standard,0.04101173094015418
steam,0.017889859449589065
standard,0.06072950247471454
steam,0.01338464946560949
standard,0.0966596592638915
steam,0.02008773606990291
standard,0.056264171236581985
steam,0.014279166229550465
