method,f,c,d,u_pehe
ablation,0.6209727800089244,0.41793842034805884,0.8435564513058573,2.4624846279621124
ablation,0.6790718429272646,0.4132083891120035,0.8659072491061792,1.8668465614318848
ablation,0.6136546184738956,0.4403391343150379,0.8615441950054068,1.979648768901825
ablation,0.5896474788041053,0.4116019634091923,0.8649669197085927,1.8794183731079102
ablation,0.7094154395359213,0.45720660419455605,0.8430456254885561,2.300026386976242
ablation,0.6526550647032574,0.42846943328871034,0.8701656317816576,2.028963804244995
