method,f,c,d,u_pehe
ablation,0.6398036590807675,0.4327532351628738,0.9100392605657621,2.297440469264984
ablation,0.6288264167782239,0.42614904060687187,0.8670621651199916,2.33243328332901
ablation,0.6168674698795182,0.41954484605087017,0.8259569177364174,2.285236120223999
ablation,0.6349843819723338,0.43319946452476576,0.8813188838828993,1.9691218137741089
