method,f,c,d,u_pehe,u_policy,u_int
standard,0.0248737373737373,0.0053661616161615,0.4357764803677679,1.6385054290294647,0.4502369668246445,0.1822699504820242
seq_new,0.257638888888889,0.1731691919191919,0.9252998688985856,0.4520073607563972,0.5829383886255924,0.1806921363468392
standard,0.0357323232323231,0.0087752525252524,0.6432627498743102,1.5742202401161194,0.4881516587677725,-0.109569485492061
seq_new,0.0318181818181817,0.0157828282828282,0.8188836255747983,0.5319712683558464,0.5023696682464455,-0.0320173108155034
standard,0.2686237373737374,0.1868686868686869,0.6544386241812421,1.452921211719513,0.7298578199052133,-0.2273511462661352
seq_new,0.4948232323232324,0.2495580808080808,0.87807545021952,0.4509510993957519,0.6208530805687204,0.0331589072897445
standard,0.0200126262626263,0.0035353535353536,0.6586883853255185,1.6285687386989594,0.6635071090047393,-0.0011950675359205
seq_new,0.753030303030303,0.35625,0.8330744710690527,0.4488916881382465,0.6682464454976303,0.0052193530660667
standard,0.0199494949494949,0.0104166666666667,0.5484696803986691,1.225036770105362,0.5260663507109005,0.4657829514395879
seq_new,0.6716540404040405,0.3196969696969698,0.8636501748201466,0.4403532929718494,0.6540284360189573,0.0843907007016455
standard,0.0166035353535353,0.0017676767676768,0.4233719042088305,1.1603434383869171,0.5023696682464455,0.5200027410496253
seq_new,0.6224747474747475,0.3055555555555556,0.90206447203432,0.45357596129179,0.6113744075829384,-0.0724882662756557
standard,0.0285353535353535,0.0112373737373736,0.6531047859903127,1.3995001465082169,0.4739336492890995,0.2747356630012271
seq_new,0.6479797979797981,0.3172979797979799,0.8912934204110721,0.4546149373054504,0.6729857819905213,0.0591787006775553
standard,0.017739898989899,0.0035353535353536,0.2960053101375878,1.659174919128418,0.3696682464454976,0.3539088051464423
seq_new,0.7156565656565657,0.356818181818182,0.9265482752613576,0.4443695209920406,0.6492890995260664,-0.010026144491767
standard,0.0164772727272729,0.0150883838383839,0.4987549889840679,2.8988285064697266,0.6113744075829384,-0.1870393719663415
seq_new,0.0135732323232322,0.0071969696969698,0.7908499596995272,0.4989994913339615,0.5165876777251185,0.2535328608300683
standard,0.01875,0.0054292929292928,0.4328904035462141,1.2410022243857384,0.5545023696682464,0.0887003407182399
seq_new,0.0446969696969697,0.0330808080808081,0.8816204180692538,0.4958661645650863,0.5213270142180095,-0.0930280251715719
