method,d_kl
standard,0.2062999546648842
steam,0.09702463183327278
standard,0.13891357364711873
steam,0.06005356303007425
standard,0.13834432400079155
steam,0.13392421939484206
standard,0.25356077699923113
steam,0.06404938945872678
standard,0.21629976767627598
steam,0.08554849288366789
