method,d_kl
standard,0.013520513910542193
steam,0.009782996499305979
standard,0.030822290694043453
steam,0.011846236279564621
standard,0.021720445602896515
steam,0.015538861938134977
standard,0.016360833063447638
steam,0.00726478341371117
standard,0.017963413246975042
steam,0.008785022237812771
